"GEO_NAME","city","bg_id"
"Central","Minneapolis","270531052042"
"Central","Minneapolis","270531056004"
"University","Minneapolis","270531256002"
"Nokomis","Minneapolis","270531109002"
"Southwest","Minneapolis","270531115001"
"Central","Minneapolis","270531044002"
"Phillips","Minneapolis","270531260003"
"Nokomis","Minneapolis","270530117043"
"Longfellow","Minneapolis","270531105002"
"Longfellow","Minneapolis","270531064001"
"Central","Minneapolis","270531057003"
"Central","Minneapolis","270531057001"
"Central","Minneapolis","270531052011"
"Northeast","Minneapolis","270531025002"
"Phillips","Minneapolis","270531259003"
"West Side","St. Paul","271230361002"
"Downtown","St. Paul","271230342016"
"Downtown","St. Paul","271230342015"
"Frogtown","St. Paul","271230327003"
"Frogtown","St. Paul","271230428003"
"Near North","Minneapolis","270531262011"
"Central","Minneapolis","270531262011"
"Camden","Minneapolis","270530001014"
"Near North","Minneapolis","270531016004"
"Near North","Minneapolis","270531263001"
"Near North","Minneapolis","270530032001"
"Near North","Minneapolis","270531016003"
"University","Minneapolis","270531048022"
"Northeast","Minneapolis","270530006032"
"Near North","Minneapolis","270531263004"
"Near North","Minneapolis","270531041003"
"Near North","Minneapolis","270531263002"
"Northeast","Minneapolis","270531030002"
"Central","Minneapolis","270531262013"
"Northeast","Minneapolis","270531026004"
"Northeast","Minneapolis","270531031002"
"Central","Minneapolis","270531262021"
"Central","Minneapolis","270531261024"
"Northeast","Minneapolis","270531030003"
"Phillips","Minneapolis","270531258004"
"Central","Minneapolis","270531052013"
"Central","Minneapolis","270531261012"
"Central","Minneapolis","270531261021"
"Central","Minneapolis","270531052043"
"Northeast","Minneapolis","270530006015"
"Powderhorn","Minneapolis","270530068004"
"Powderhorn","Minneapolis","270531069003"
"University","Minneapolis","270530038021"
"University","Minneapolis","270530038022"
"University","Minneapolis","270531040013"
"University","Minneapolis","270531040011"
"University","Minneapolis","270531049022"
"University","Minneapolis","270531049024"
"University","Minneapolis","270531049025"
"Northeast","Minneapolis","270531026003"
"Central","Minneapolis","270531054003"
"Phillips","Minneapolis","270530059023"
"Central","Minneapolis","270531261022"
"Northeast","Minneapolis","270530006033"
"Southwest","Minneapolis","270530120014"
"Southwest","Minneapolis","270530120013"
"University","Minneapolis","270531048011"
"University","Minneapolis","270531048012"
"University","Minneapolis","270531049011"
"Southwest","Minneapolis","270530120011"
"Camden","Minneapolis","270530003003"
"Powderhorn","Minneapolis","270531087001"
"University","Minneapolis","270531040012"
"Near North","Minneapolis","270531263003"
"University","Minneapolis","270531040023"
"University","Minneapolis","270531049023"
"University","Minneapolis","270531040024"
"Nokomis","Minneapolis","270530119982"
"Nokomis","Minneapolis","270530119984"
"University","Minneapolis","270531049021"
"Nokomis","Minneapolis","270530121023"
"Northeast","Minneapolis","270530006013"
"University","Minneapolis","270531048023"
"Calhoun Isle","Minneapolis","270531065004"
"Nokomis","Minneapolis","270530120035"
"University","Minneapolis","270531256003"
"Central","Minneapolis","270531262022"
"University","Minneapolis","270531040021"
"Central","Minneapolis","270531262012"
"University","Minneapolis","270531037004"
"University","Minneapolis","270530038011"
"University","Minneapolis","270530038012"
"Central","Minneapolis","270531261023"
"Central","Minneapolis","270531262023"
"Central","Minneapolis","270531261025"
"Central","Minneapolis","270531262024"
"Central","Minneapolis","270531261011"
"Southwest","Minneapolis","270530120015"
"Central","Minneapolis","270531261013"
"University","Minneapolis","270531036003"
"Central","Minneapolis","270531044003"
"Northeast","Minneapolis","270530006014"
"Calhoun Isle","Minneapolis","270531067001"
"Powderhorn","Minneapolis","270531070002"
"University","Minneapolis","270531049012"
"Central","Minneapolis","270530059013"
"University","Minneapolis","270531040022"
"University","Minneapolis","270531048021"
"Southwest","Minneapolis","270530120032"
"Powderhorn","Minneapolis","270530085003"
"St Anthony Park","St. Paul","271230301004"
"St Anthony Park","St. Paul","271230301005"
"Como Park","St. Paul","271230302011"
"Como Park","St. Paul","271230302021"
"Como Park","St. Paul","271230302013"
"St Anthony Park","St. Paul","271230301003"
"Como Park","St. Paul","271230302014"
"Como Park","St. Paul","271230303001"
"Como Park","St. Paul","271230303002"
"Como Park","St. Paul","271230303003"
"North End","St. Paul","271230304001"
"North End","St. Paul","271230304002"
"North End","St. Paul","271230304003"
"North End","St. Paul","271230305001"
"North End","St. Paul","271230305003"
"Payne-Phalen","St. Paul","271230306011"
"Northeast","Minneapolis","270531036001"
"University","Minneapolis","270531036002"
"University","Minneapolis","270531037001"
"University","Minneapolis","270531039001"
"Northeast","Minneapolis","270531025001"
"Northeast","Minneapolis","270531026001"
"Northeast","Minneapolis","270531026002"
"Near North","Minneapolis","270531028001"
"Near North","Minneapolis","270531028002"
"Northeast","Minneapolis","270531030001"
"Northeast","Minneapolis","270531031001"
"Near North","Minneapolis","270531034001"
"Near North","Minneapolis","270531034002"
"Near North","Minneapolis","270531034003"
"Near North","Minneapolis","270531041002"
"Central","Minneapolis","270531044001"
"Camden","Minneapolis","270531002002"
"Camden","Minneapolis","270531002001"
"Camden","Minneapolis","270531004003"
"Northeast","Minneapolis","270531005001"
"Northeast","Minneapolis","270531005002"
"Camden","Minneapolis","270531007002"
"Camden","Minneapolis","270531008004"
"Camden","Minneapolis","270531009001"
"Camden","Minneapolis","270531009002"
"Camden","Minneapolis","270531009003"
"Northeast","Minneapolis","270531012001"
"Northeast","Minneapolis","270531012004"
"Near North","Minneapolis","270531013001"
"Near North","Minneapolis","270531257001"
"Near North","Minneapolis","270531016001"
"Northeast","Minneapolis","270531018001"
"Northeast","Minneapolis","270531018002"
"Northeast","Minneapolis","270531019001"
"Northeast","Minneapolis","270531019002"
"Northeast","Minneapolis","270531019003"
"Near North","Minneapolis","270531021001"
"Near North","Minneapolis","270531021002"
"Near North","Minneapolis","270531021003"
"Southwest","Minneapolis","270531115005"
"Southwest","Minneapolis","270531115003"
"Nokomis","Minneapolis","270531116001"
"Nokomis","Minneapolis","270531116002"
"Nokomis","Minneapolis","270531116003"
"Nokomis","Minneapolis","270531116004"
"Southwest","Minneapolis","270531091003"
"Southwest","Minneapolis","270531091004"
"Southwest","Minneapolis","270531091005"
"Southwest","Minneapolis","270531092002"
"Southwest","Minneapolis","270531093002"
"Powderhorn","Minneapolis","270531094001"
"Powderhorn","Minneapolis","270531094002"
"Powderhorn","Minneapolis","270531097001"
"Powderhorn","Minneapolis","270531097002"
"Southwest","Minneapolis","270531098001"
"Southwest","Minneapolis","270531098003"
"Southwest","Minneapolis","270531098004"
"Southwest","Minneapolis","270531098005"
"Southwest","Minneapolis","270531099002"
"Southwest","Minneapolis","270531099004"
"Powderhorn","Minneapolis","270531100001"
"Longfellow","Minneapolis","270531090002"
"Calhoun Isle","Minneapolis","270531091001"
"Southwest","Minneapolis","270531091001"
"Calhoun Isle","Minneapolis","270531055001"
"Calhoun Isle","Minneapolis","270531055004"
"Phillips","Minneapolis","270531060001"
"Central","Minneapolis","270531054001"
"Phillips","Minneapolis","270531060002"
"Longfellow","Minneapolis","270531062002"
"Calhoun Isle","Minneapolis","270531065003"
"Nokomis","Minneapolis","270531111002"
"Nokomis","Minneapolis","270531111004"
"Southwest","Minneapolis","270531112001"
"Southwest","Minneapolis","270531112002"
"Southwest","Minneapolis","270531112003"
"Southwest","Minneapolis","270531113001"
"Southwest","Minneapolis","270531113002"
"Southwest","Minneapolis","270531113003"
"Southwest","Minneapolis","270531113005"
"Nokomis","Minneapolis","270531111003"
"Southwest","Minneapolis","270531114001"
"Southwest","Minneapolis","270531114002"
"Southwest","Minneapolis","270531114003"
"Southwest","Minneapolis","270531114004"
"Calhoun Isle","Minneapolis","270531066001"
"Calhoun Isle","Minneapolis","270531066002"
"Longfellow","Minneapolis","270531074001"
"Longfellow","Minneapolis","270531074002"
"Longfellow","Minneapolis","270531075002"
"Longfellow","Minneapolis","270531076001"
"Phillips","Minneapolis","270531258001"
"Longfellow","Minneapolis","270531076002"
"Longfellow","Minneapolis","270531076003"
"Calhoun Isle","Minneapolis","270531080001"
"Calhoun Isle","Minneapolis","270531080002"
"Calhoun Isle","Minneapolis","270531080003"
"Calhoun Isle","Minneapolis","270531080004"
"Powderhorn","Minneapolis","270531086001"
"Powderhorn","Minneapolis","270531086002"
"Powderhorn","Minneapolis","270531086003"
"Powderhorn","Minneapolis","270531087003"
"Longfellow","Minneapolis","270531088001"
"Longfellow","Minneapolis","270531088002"
"Longfellow","Minneapolis","270531088003"
"Longfellow","Minneapolis","270531088004"
"Longfellow","Minneapolis","270531089001"
"Calhoun Isle","Minneapolis","270531051002"
"Calhoun Isle","Minneapolis","270531051003"
"Central","Minneapolis","270531052041"
"Powderhorn","Minneapolis","270531102004"
"Longfellow","Minneapolis","270531104001"
"Longfellow","Minneapolis","270531104002"
"Powderhorn","Minneapolis","270531100002"
"Powderhorn","Minneapolis","270531101001"
"Powderhorn","Minneapolis","270531101003"
"Powderhorn","Minneapolis","270531102002"
"Longfellow","Minneapolis","270531105003"
"Longfellow","Minneapolis","270531105004"
"Longfellow","Minneapolis","270531105005"
"Longfellow","Minneapolis","270531105001"
"Nokomis","Minneapolis","270531109003"
"Nokomis","Minneapolis","270531109001"
"Nokomis","Minneapolis","270531111001"
"Calhoun Isle","Minneapolis","270531067002"
"Powderhorn","Minneapolis","270531070001"
"Powderhorn","Minneapolis","270531070003"
"Phillips","Minneapolis","270531260001"
"Central","Minneapolis","270530059012"
"Phillips","Minneapolis","270530059021"
"Phillips","Minneapolis","270530059022"
"Powderhorn","Minneapolis","270530068003"
"Phillips","Minneapolis","270531259001"
"Powderhorn","Minneapolis","270530077001"
"Calhoun Isle","Minneapolis","270530077002"
"Powderhorn","Minneapolis","270530078011"
"Powderhorn","Minneapolis","270530078012"
"Calhoun Isle","Minneapolis","270530081001"
"Calhoun Isle","Minneapolis","270530081004"
"Powderhorn","Minneapolis","270530082001"
"Powderhorn","Minneapolis","270530082002"
"Powderhorn","Minneapolis","270530082003"
"Powderhorn","Minneapolis","270530083002"
"Powderhorn","Minneapolis","270530084001"
"Powderhorn","Minneapolis","270530095002"
"Powderhorn","Minneapolis","270530095003"
"Powderhorn","Minneapolis","270530096001"
"Powderhorn","Minneapolis","270530096003"
"Powderhorn","Minneapolis","270530096004"
"Powderhorn","Minneapolis","270530085004"
"Southwest","Minneapolis","270530106001"
"Southwest","Minneapolis","270530106003"
"Southwest","Minneapolis","270530107002"
"Southwest","Minneapolis","270530107003"
"Nokomis","Minneapolis","270530110001"
"Nokomis","Minneapolis","270530110003"
"Nokomis","Minneapolis","270530117031"
"Nokomis","Minneapolis","270530117032"
"Nokomis","Minneapolis","270530117034"
"Nokomis","Minneapolis","270530117035"
"Nokomis","Minneapolis","270530117041"
"Nokomis","Minneapolis","270530117042"
"Nokomis","Minneapolis","270530118001"
"Nokomis","Minneapolis","270530118002"
"Nokomis","Minneapolis","270530118004"
"Nokomis","Minneapolis","270530119981"
"Nokomis","Minneapolis","270530119985"
"Southwest","Minneapolis","270530120012"
"Nokomis","Minneapolis","270530120036"
"Southwest","Minneapolis","270530120031"
"Nokomis","Minneapolis","270530121012"
"Nokomis","Minneapolis","270530121013"
"Nokomis","Minneapolis","270530121022"
"Near North","Minneapolis","270531020001"
"Central","Minneapolis","270531056002"
"Longfellow","Minneapolis","270531076004"
"Longfellow","Minneapolis","270531089003"
"Powderhorn","Minneapolis","270531102001"
"Camden","Minneapolis","270530001011"
"Camden","Minneapolis","270530001012"
"Camden","Minneapolis","270530001013"
"Camden","Minneapolis","270530001021"
"Camden","Minneapolis","270530001023"
"Camden","Minneapolis","270530001024"
"Camden","Minneapolis","270530003002"
"Northeast","Minneapolis","270530006031"
"Northeast","Minneapolis","270530011001"
"Northeast","Minneapolis","270530011002"
"Northeast","Minneapolis","270530017001"
"Northeast","Minneapolis","270530017002"
"Northeast","Minneapolis","270530024001"
"Near North","Minneapolis","270530027001"
"Near North","Minneapolis","270530032002"
"Near North","Minneapolis","270530033001"
"Central","Minneapolis","270530059011"
"Summit Hill","St. Paul","271230358002"
"Highland Park","St. Paul","271230366002"
"Payne-Phalen","St. Paul","271230307041"
"Greater East Side","St. Paul","271230307041"
"Frogtown","St. Paul","271230324002"
"Dayton's Bluff","St. Paul","271230345002"
"Macalester-Groveland","St. Paul","271230352002"
"Highland Park","St. Paul","271230375006"
"West Side","St. Paul","271230371004"
"Payne-Phalen","St. Paul","271230306023"
"Union Park","St. Paul","271230350001"
"Greater East Side","St. Paul","271230317022"
"Payne-Phalen","St. Paul","271230310003"
"Union Park","St. Paul","271230353001"
"Summit-University","St. Paul","271230338001"
"Summit-University","St. Paul","271230339001"
"Greater East Side","St. Paul","271230307031"
"Nokomis","Minneapolis","270530118005"
"Powderhorn","Minneapolis","270531101002"
"Southwest","Minneapolis","270530120016"
"Southwest","Minneapolis","270531108003"
"Northeast","Minneapolis","270531012002"
"Southwest","Minneapolis","270530106002"
"Calhoun Isle","Minneapolis","270531067003"
"University","Minneapolis","270531039002"
"Near North","Minneapolis","270531013002"
"Southwest","Minneapolis","270531108004"
"Powderhorn","Minneapolis","270530085001"
"Calhoun Isle","Minneapolis","270530081003"
"Powderhorn","Minneapolis","270530068001"
"Powderhorn","Minneapolis","270531069002"
"Central","Minneapolis","270531057002"
"Nokomis","Minneapolis","270530110002"
"Northeast","Minneapolis","270530006012"
"Phillips","Minneapolis","270531060003"
"Powderhorn","Minneapolis","270530083001"
"Southwest","Minneapolis","270531093001"
"Powderhorn","Minneapolis","270531102003"
"Camden","Minneapolis","270531004001"
"Powderhorn","Minneapolis","270530096002"
"Near North","Minneapolis","270531028003"
"Powderhorn","Minneapolis","270531069001"
"Southwest","Minneapolis","270530120034"
"Longfellow","Minneapolis","270531089002"
"Phillips","Minneapolis","270531258002"
"Phillips","Minneapolis","270531258003"
"Nokomis","Minneapolis","270530121021"
"Camden","Minneapolis","270531004002"
"Powderhorn","Minneapolis","270530084002"
"Camden","Minneapolis","270531007003"
"Northeast","Minneapolis","270531018003"
"Powderhorn","Minneapolis","270530085002"
"Calhoun Isle","Minneapolis","270530081002"
"Southwest","Minneapolis","270530107001"
"University","Minneapolis","270531256001"
"Camden","Minneapolis","270531007001"
"Camden","Minneapolis","270531008003"
"Near North","Minneapolis","270531020002"
"Nokomis","Minneapolis","270530118003"
"Calhoun Isle","Minneapolis","270531055002"
"Powderhorn","Minneapolis","270530082004"
"Powderhorn","Minneapolis","270531087002"
"Southwest","Minneapolis","270531099001"
"Near North","Minneapolis","270530022002"
"University","Minneapolis","270531037003"
"Southwest","Minneapolis","270531113004"
"Southwest","Minneapolis","270531099003"
"Phillips","Minneapolis","270531260002"
"Phillips","Minneapolis","270531260004"
"Near North","Minneapolis","270531016002"
"Southwest","Minneapolis","270531098002"
"Como Park","St. Paul","271230302023"
"Battle Creek-Conway-Eastview-Highwood Hills","St. Paul","271230346024"
"Highland Park","St. Paul","271230376041"
"Greater East Side","St. Paul","271230317024"
"Greater East Side","St. Paul","271230318015"
"Payne-Phalen","St. Paul","271230306013"
"Payne-Phalen","St. Paul","271230306014"
"Union Park","St. Paul","271230334004"
"Hamline-Midway","St. Paul","271230321003"
"Macalester-Groveland","St. Paul","271230366004"
"Summit-University","St. Paul","271230339002"
"Greater East Side","St. Paul","271230317025"
"North End","St. Paul","271230304004"
"Frogtown","St. Paul","271230326004"
"Greater East Side","St. Paul","271230307026"
"Frogtown","St. Paul","271230326003"
"North End","St. Paul","271230305005"
"Macalester-Groveland","St. Paul","271230430015"
"Union Park","St. Paul","271230349004"
"Union Park","St. Paul","271230349003"
"Macalester-Groveland","St. Paul","271230430011"
"Highland Park","St. Paul","271230430012"
"Highland Park","St. Paul","271230430014"
"Highland Park","St. Paul","271230376014"
"Highland Park","St. Paul","271230376032"
"Como Park","St. Paul","271230302022"
"Downtown","St. Paul","271230342033"
"Downtown","St. Paul","271230342032"
"Macalester-Groveland","St. Paul","271230430021"
"Union Park","St. Paul","271230430021"
"Payne-Phalen","St. Paul","271230306025"
"Highland Park","St. Paul","271230366005"
"Highland Park","St. Paul","271230376042"
"West Side","St. Paul","271230361003"
"Summit-University","St. Paul","271230337002"
"Downtown","St. Paul","271230337002"
"St Anthony Park","St. Paul","271230332003"
"Union Park","St. Paul","271230332003"
"Downtown","St. Paul","271230342042"
"Downtown","St. Paul","271230342041"
"Downtown","St. Paul","271230342013"
"Greater East Side","St. Paul","271230318014"
"Union Park","St. Paul","271230334002"
"West 7th-Fort Road","St. Paul","271230368003"
"Summit-University","St. Paul","271230355003"
"Frogtown","St. Paul","271230324003"
"Summit-University","St. Paul","271230355002"
"West 7th-Fort Road","St. Paul","271230360003"
"Downtown","St. Paul","271230342043"
"Battle Creek-Conway-Eastview-Highwood Hills","St. Paul","271230347024"
"Battle Creek-Conway-Eastview-Highwood Hills","St. Paul","271230347021"
"Downtown","St. Paul","271230342031"
"Highland Park","St. Paul","271230430013"
"Macalester-Groveland","St. Paul","271230349001"
"Highland Park","St. Paul","271230376015"
"Macalester-Groveland","St. Paul","271230351003"
"Highland Park","St. Paul","271230376031"
"Powderhorn","Minneapolis","270530095001"
"Powderhorn","Minneapolis","270531097003"
"Longfellow","Minneapolis","270531064002"
"Nokomis","Minneapolis","270530117033"
"Near North","Minneapolis","270530027002"
"Southwest","Minneapolis","270531108001"
"Powderhorn","Minneapolis","270531093003"
"Nokomis","Minneapolis","270530121011"
"Powderhorn","Minneapolis","270530068002"
"Camden","Minneapolis","270531007004"
"Downtown","St. Paul","271230342014"
"Downtown","St. Paul","271230342012"
"Camden","Minneapolis","270531008001"
"Camden","Minneapolis","270531008002"
"Southwest","Minneapolis","270531108002"
"Longfellow","Minneapolis","270531062003"
"Dayton's Bluff","St. Paul","271230346022"
"Macalester-Groveland","St. Paul","271230365002"
"Frogtown","St. Paul","271230428001"
"Downtown","St. Paul","271230428001"
"Payne-Phalen","St. Paul","271230315001"
"Downtown","St. Paul","271230342011"
"Downtown","St. Paul","271230428002"
"Payne-Phalen","St. Paul","271230330001"
"Dayton's Bluff","St. Paul","271230330001"
"Dayton's Bluff","St. Paul","271230344001"
"West Side","St. Paul","271230372004"
"Battle Creek-Conway-Eastview-Highwood Hills","St. Paul","271239800001"
"Dayton's Bluff","St. Paul","271230346011"
"Battle Creek-Conway-Eastview-Highwood Hills","St. Paul","271230374021"
"Dayton's Bluff","St. Paul","271230346023"
"Battle Creek-Conway-Eastview-Highwood Hills","St. Paul","271230346023"
"Dayton's Bluff","St. Paul","271230346013"
"Battle Creek-Conway-Eastview-Highwood Hills","St. Paul","271230346021"
"Hamline-Midway","St. Paul","271230322001"
"Payne-Phalen","St. Paul","271230306012"
"Summit-University","St. Paul","271230335001"
"Greater East Side","St. Paul","271230307022"
"West Side","St. Paul","271230371003"
"Payne-Phalen","St. Paul","271230316002"
"Dayton's Bluff","St. Paul","271230346012"
"Payne-Phalen","St. Paul","271230310001"
"Union Park","St. Paul","271230350002"
"Dayton's Bluff","St. Paul","271230331001"
"West 7th-Fort Road","St. Paul","271230360001"
"St Anthony Park","St. Paul","271230332001"
"Union Park","St. Paul","271230332001"
"Highland Park","St. Paul","271230366001"
"Summit Hill","St. Paul","271230367001"
"West 7th-Fort Road","St. Paul","271230367001"
"West Side","St. Paul","271230370002"
"West 7th-Fort Road","St. Paul","271230369002"
"Dayton's Bluff","St. Paul","271230317011"
"Summit-University","St. Paul","271230358001"
"Hamline-Midway","St. Paul","271230321002"
"Summit-University","St. Paul","271230429002"
"Summit Hill","St. Paul","271230429003"
"Macalester-Groveland","St. Paul","271230351001"
"Union Park","St. Paul","271230332002"
"Summit Hill","St. Paul","271230357002"
"Union Park","St. Paul","271230333001"
"Greater East Side","St. Paul","271230318022"
"Greater East Side","St. Paul","271230318023"
"St Anthony Park","St. Paul","271230319001"
"Hamline-Midway","St. Paul","271230319001"
"St Anthony Park","St. Paul","271230319002"
"Hamline-Midway","St. Paul","271230320001"
"Hamline-Midway","St. Paul","271230320002"
"Hamline-Midway","St. Paul","271230322003"
"Hamline-Midway","St. Paul","271230323001"
"Hamline-Midway","St. Paul","271230323002"
"Hamline-Midway","St. Paul","271230323003"
"Frogtown","St. Paul","271230324001"
"Frogtown","St. Paul","271230325001"
"Frogtown","St. Paul","271230325003"
"Frogtown","St. Paul","271230326001"
"Summit-University","St. Paul","271230337001"
"Summit-University","St. Paul","271230338002"
"Summit-University","St. Paul","271230340001"
"Dayton's Bluff","St. Paul","271230344002"
"Dayton's Bluff","St. Paul","271230345001"
"Dayton's Bluff","St. Paul","271230345003"
"Battle Creek-Conway-Eastview-Highwood Hills","St. Paul","271230347012"
"Battle Creek-Conway-Eastview-Highwood Hills","St. Paul","271230347013"
"Battle Creek-Conway-Eastview-Highwood Hills","St. Paul","271230347022"
"Battle Creek-Conway-Eastview-Highwood Hills","St. Paul","271230347023"
"Macalester-Groveland","St. Paul","271230349002"
"Union Park","St. Paul","271230350003"
"Macalester-Groveland","St. Paul","271230351002"
"Union Park","St. Paul","271230352001"
"Summit Hill","St. Paul","271230353003"
"Union Park","St. Paul","271230353002"
"Greater East Side","St. Paul","271230307033"
"Battle Creek-Conway-Eastview-Highwood Hills","St. Paul","271230374023"
"Summit-University","St. Paul","271230429001"
"Summit-University","St. Paul","271230355001"
"Summit Hill","St. Paul","271230357001"
"Summit Hill","St. Paul","271230358003"
"West 7th-Fort Road","St. Paul","271230359001"
"West 7th-Fort Road","St. Paul","271230360002"
"West Side","St. Paul","271230361001"
"Macalester-Groveland","St. Paul","271230363001"
"Macalester-Groveland","St. Paul","271230363002"
"Macalester-Groveland","St. Paul","271230363003"
"Highland Park","St. Paul","271230363004"
"Macalester-Groveland","St. Paul","271230364004"
"West Side","St. Paul","271230370003"
"West Side","St. Paul","271230371001"
"West Side","St. Paul","271230372001"
"West Side","St. Paul","271230372002"
"West Side","St. Paul","271230372005"
"Battle Creek-Conway-Eastview-Highwood Hills","St. Paul","271230374022"
"Battle Creek-Conway-Eastview-Highwood Hills","St. Paul","271230374031"
"Battle Creek-Conway-Eastview-Highwood Hills","St. Paul","271230374032"
"Battle Creek-Conway-Eastview-Highwood Hills","St. Paul","271230374033"
"Battle Creek-Conway-Eastview-Highwood Hills","St. Paul","271230374034"
"Battle Creek-Conway-Eastview-Highwood Hills","St. Paul","271230374035"
"Highland Park","St. Paul","271230375001"
"Highland Park","St. Paul","271230375002"
"Highland Park","St. Paul","271230375005"
"Highland Park","St. Paul","271230376011"
"Greater East Side","St. Paul","271230317021"
"Como Park","St. Paul","271230302012"
"Macalester-Groveland","St. Paul","271230364001"
"Highland Park","St. Paul","271230364003"
"Highland Park","St. Paul","271230365003"
"Macalester-Groveland","St. Paul","271230366003"
"West 7th-Fort Road","St. Paul","271230367002"
"Highland Park","St. Paul","271230367003"
"West 7th-Fort Road","St. Paul","271230367003"
"West 7th-Fort Road","St. Paul","271230367004"
"Summit Hill","St. Paul","271230368001"
"West 7th-Fort Road","St. Paul","271230368001"
"West 7th-Fort Road","St. Paul","271230368002"
"West 7th-Fort Road","St. Paul","271230369001"
"Highland Park","St. Paul","271230376012"
"Highland Park","St. Paul","271230376013"
"North End","St. Paul","271230305002"
"Como Park","St. Paul","271230312001"
"Payne-Phalen","St. Paul","271230316003"
"Highland Park","St. Paul","271230375004"
"Greater East Side","St. Paul","271230307032"
"Greater East Side","St. Paul","271230318012"
"Greater East Side","St. Paul","271230318013"
"Greater East Side","St. Paul","271230318021"
"Greater East Side","St. Paul","271230307043"
"Payne-Phalen","St. Paul","271230330002"
"Frogtown","St. Paul","271230325004"
"Frogtown","St. Paul","271230327002"
"Dayton's Bluff","St. Paul","271230331002"
"Union Park","St. Paul","271230333002"
"Frogtown","St. Paul","271230327001"
"Union Park","St. Paul","271230334001"
"Union Park","St. Paul","271230334003"
"Summit-University","St. Paul","271230335002"
"Summit-University","St. Paul","271230335003"
"Summit-University","St. Paul","271230336001"
"Phillips","Minneapolis","270531259002"
"Camden","Minneapolis","270530001022"
"Near North","Minneapolis","270531041001"
"Calhoun Isle","Minneapolis","270531051001"
"Calhoun Isle","Minneapolis","270531065002"
"Calhoun Isle","Minneapolis","270531055003"
"Central","Minneapolis","270531056003"
"Longfellow","Minneapolis","270531062001"
"Calhoun Isle","Minneapolis","270531092001"
"Calhoun Isle","Minneapolis","270531092003"
"Calhoun Isle","Minneapolis","270531065001"
"Calhoun Isle","Minneapolis","270531091002"
"Payne-Phalen","St. Paul","271230306021"
"Macalester-Groveland","St. Paul","271230365004"
"West Side","St. Paul","271230370001"
"West Side","St. Paul","271230371002"
"St Anthony Park","St. Paul","271230301001"
"St Anthony Park","St. Paul","271230301002"
"Camden","Minneapolis","270530003001"
"Near North","Minneapolis","270530022001"
"Near North","Minneapolis","270531257002"
"University","Minneapolis","270531037002"
"Powderhorn","Minneapolis","270531093004"
"Longfellow","Minneapolis","270531075001"
"Longfellow","Minneapolis","270531090001"
"Central","Minneapolis","270531056001"
"Camden","Minneapolis","270531002003"
"Northeast","Minneapolis","270530006011"
"Northeast","Minneapolis","270530024002"
"Northeast","Minneapolis","270531025003"
"Near North","Minneapolis","270530033002"
"Central","Minneapolis","270531052012"
"Central","Minneapolis","270531054002"
"Nokomis","Minneapolis","270530110004"
"Nokomis","Minneapolis","270530120033"
"Nokomis","Minneapolis","270530119983"
"Southwest","Minneapolis","270531115002"
"Southwest","Minneapolis","270531115004"
"Near North","Minneapolis","270531257003"
"Northeast","Minneapolis","270531012003"
"Como Park","St. Paul","271230303004"
"North End","St. Paul","271230308003"
"Greater East Side","St. Paul","271230307042"
"North End","St. Paul","271230308001"
"North End","St. Paul","271230308004"
"Payne-Phalen","St. Paul","271230309001"
"Payne-Phalen","St. Paul","271230309002"
"Payne-Phalen","St. Paul","271230309003"
"Payne-Phalen","St. Paul","271230311002"
"Payne-Phalen","St. Paul","271230311001"
"Payne-Phalen","St. Paul","271230311003"
"Como Park","St. Paul","271230312002"
"Como Park","St. Paul","271230312003"
"North End","St. Paul","271230313001"
"Payne-Phalen","St. Paul","271230310002"
"North End","St. Paul","271230313002"
"North End","St. Paul","271230314001"
"North End","St. Paul","271230314002"
"Payne-Phalen","St. Paul","271230315002"
"Dayton's Bluff","St. Paul","271230315002"
"Payne-Phalen","St. Paul","271230316001"
"Greater East Side","St. Paul","271230307021"
"Payne-Phalen","St. Paul","271230306022"
"Payne-Phalen","St. Paul","271230306024"
"Greater East Side","St. Paul","271230307023"
"Greater East Side","St. Paul","271230307024"
"Greater East Side","St. Paul","271230307025"
"Greater East Side","St. Paul","271230317023"
"Greater East Side","St. Paul","271230318011"
"North End","St. Paul","271230308002"
"Union Park","St. Paul","271230333003"
"Highland Park","St. Paul","271230375003"
"Macalester-Groveland","St. Paul","271230353004"
"Highland Park","St. Paul","271230365001"
"Hamline-Midway","St. Paul","271230322002"
"West Side","St. Paul","271230372003"
"North End","St. Paul","271230305004"
"Macalester-Groveland","St. Paul","271230352003"
"Dayton's Bluff","St. Paul","271230317012"
"Battle Creek-Conway-Eastview-Highwood Hills","St. Paul","271230347011"
"Frogtown","St. Paul","271230325002"
"Frogtown","St. Paul","271230326002"
"Highland Park","St. Paul","271230364002"
"Hamline-Midway","St. Paul","271230321001"
"Summit-University","St. Paul","271230340002"
"Payne-Phalen","St. Paul","271230310004"
